Zip Code,County,State,Entitlement
20101,Loudoun County,Virginia,
20102,Loudoun County,Virginia,
20103,Loudoun County,Virginia,
20104,Loudoun County,Virginia,
20105,Loudoun County,Virginia,
20106,Culpeper County,Virginia,
20107,Loudoun County,Virginia,
20108,Manassas City,Virginia,
20109,Prince William County,Virginia,
20110,Manassas city,Virginia,
20111,Prince William County,Virginia,
20112,Prince William County,Virginia,
20113,Manassas City,Virginia,
20115,Fauquier County,Virginia,
20116,Fauquier County,Virginia,
20117,Loudoun County,Virginia,
20118,Loudoun County,Virginia,
20119,Fauquier County,Virginia,
20120,Fairfax County,Virginia,
20121,Fairfax County,Virginia,
20122,Fairfax County,Virginia,
20124,Fairfax County,Virginia,
20128,Fauquier County,Virginia,
20129,Loudoun County,Virginia,
20130,Clarke County,Virginia,
20131,Loudoun County,Virginia,
20132,Loudoun County,Virginia,
20134,Loudoun County,Virginia,
20135,Clarke County,Virginia,
20136,Prince William County,Virginia,
20137,Fauquier County,Virginia,
20138,Fauquier County,Virginia,
20139,Fauquier County,Virginia,
20140,Fauquier County,Virginia,
20141,Loudoun County,Virginia,
20142,Loudoun County,Virginia,
20143,Prince William County,Virginia,
20144,Fauquier County,Virginia,
20146,Loudoun County,Virginia,
20147,Loudoun County,Virginia,
20148,Loudoun County,Virginia,
20149,Loudoun County,Virginia,
20151,Fairfax County,Virginia,
20152,Loudoun County,Virginia,
20153,Fairfax County,Virginia,
20155,Prince William County,Virginia,
20156,Prince William County,Virginia,
20158,Loudoun County,Virginia,
20159,Loudoun County,Virginia,
20160,Loudoun County,Virginia,
20163,Loudoun County,Virginia,
20164,Loudoun County,Virginia,
20165,Loudoun County,Virginia,
20166,Loudoun County,Virginia,
20167,Loudoun County,Virginia,
20168,Prince William County,Virginia,
20169,Prince William County,Virginia,
20170,Fairfax County,Virginia,
20171,Fairfax County,Virginia,
20172,Fairfax County,Virginia,
20175,Loudoun County,Virginia,
20176,Loudoun County,Virginia,
20177,Loudoun County,Virginia,
20178,Loudoun County,Virginia,
20180,Loudoun County,Virginia,
20181,Prince William County,Virginia,
20182,Prince William County,Virginia,
20184,Fauquier County,Virginia,
20185,Fauquier County,Virginia,
20186,Fauquier County,Virginia,
20187,Fauquier County,Virginia,
20188,Fauquier County,Virginia,
20189,Loudoun County,Virginia,
20190,Fairfax County,Virginia,
20191,Fairfax County,Virginia,
20192,Fairfax County,Virginia,
20193,Fairfax County,Virginia,
20194,Fairfax County,Virginia,
20195,Fairfax County,Virginia,
20196,Fairfax County,Virginia,
20197,Loudoun County,Virginia,
20198,Fauquier County,Virginia,
20199,Loudoun County,Virginia,
20598,Fairfax County,Virginia,
22003,Fairfax County,Virginia,
22009,Fairfax County,Virginia,
22015,Fairfax County,Virginia,
22025,Prince William County,Virginia,
22026,Prince William County,Virginia,
22027,Fairfax County,Virginia,
22030,Fairfax County,Virginia,
22031,Fairfax County,Virginia,
22032,Fairfax County,Virginia,
22033,Fairfax County,Virginia,
22034,Fairfax City,Virginia,
22035,Fairfax County,Virginia,
22036,Fairfax City,Virginia,
22037,Fairfax City,Virginia,
22038,Fairfax City,Virginia,
22039,Fairfax County,Virginia,
22040,Falls Church City,Virginia,
22041,Fairfax County,Virginia,
22042,Fairfax County,Virginia,
22043,Fairfax County,Virginia,
22044,Fairfax County,Virginia,
22046,Falls Church city,Virginia,
22047,Falls Church City,Virginia,
22060,Fairfax County,Virginia,
22066,Fairfax County,Virginia,
22067,Fairfax County,Virginia,
22079,Fairfax County,Virginia,
22081,Fairfax County,Virginia,
22082,Fairfax County,Virginia,
22092,Fairfax County,Virginia,
22093,Loudoun County,Virginia,
22095,Fairfax County,Virginia,
22096,Fairfax County,Virginia,
22101,Fairfax County,Virginia,
22102,Fairfax County,Virginia,
22103,Fairfax County,Virginia,
22106,Fairfax County,Virginia,
22107,Fairfax County,Virginia,
22108,Fairfax County,Virginia,
22109,Fairfax County,Virginia,
22116,Fairfax County,Virginia,
22118,Fairfax County,Virginia,
22119,Fairfax County,Virginia,
22120,Fairfax County,Virginia,
22121,Fairfax County,Virginia,
22122,Fairfax County,Virginia,
22124,Fairfax County,Virginia,
22125,Prince William County,Virginia,
22134,Prince William County,Virginia,
22135,Prince William County,Virginia,
22150,Fairfax County,Virginia,
22151,Fairfax County,Virginia,
22152,Fairfax County,Virginia,
22153,Fairfax County,Virginia,
22156,Fairfax County,Virginia,
22158,Fairfax County,Virginia,
22159,Fairfax County,Virginia,
22160,Fairfax County,Virginia,
22161,Fairfax County,Virginia,
22172,Prince William County,Virginia,
22180,Fairfax County,Virginia,
22181,Fairfax County,Virginia,
22182,Fairfax County,Virginia,
22183,Fairfax County,Virginia,
22184,Fairfax County,Virginia,
22185,Fairfax County,Virginia,
22191,Prince William County,Virginia,
22192,Prince William County,Virginia,
22193,Prince William County,Virginia,
22194,Prince William County,Virginia,
22195,Prince William County,Virginia,
22199,Fairfax County,Virginia,
22201,Arlington County,Virginia,
22202,Arlington County,Virginia,
22203,Arlington County,Virginia,
22204,Arlington County,Virginia,
22205,Arlington County,Virginia,
22206,Arlington County,Virginia,
22207,Arlington County,Virginia,
22209,Arlington County,Virginia,
22210,Arlington County,Virginia,
22211,Arlington County,Virginia,
22212,Arlington County,Virginia,
22213,Arlington County,Virginia,
22214,Arlington County,Virginia,
22215,Arlington County,Virginia,
22216,Arlington County,Virginia,
22217,Arlington County,Virginia,
22218,Arlington County,Virginia,
22219,Arlington County,Virginia,
22222,Arlington County,Virginia,
22223,Arlington County,Virginia,
22225,Arlington County,Virginia,
22226,Arlington County,Virginia,
22227,Arlington County,Virginia,
22229,Arlington County,Virginia,
22230,Arlington County,Virginia,
22234,Arlington County,Virginia,
22240,Arlington County,Virginia,
22241,Arlington County,Virginia,
22242,Arlington County,Virginia,
22243,Arlington County,Virginia,
22244,Arlington County,Virginia,
22245,Arlington County,Virginia,
22246,Arlington County,Virginia,
22301,Alexandria city,Virginia,
22302,Alexandria city,Virginia,
22303,Fairfax County,Virginia,
22304,Alexandria city,Virginia,
22305,Alexandria city,Virginia,
22306,Fairfax County,Virginia,
22307,Fairfax County,Virginia,
22308,Fairfax County,Virginia,
22309,Fairfax County,Virginia,
22310,Fairfax County,Virginia,
22311,Alexandria city,Virginia,
22312,Fairfax County,Virginia,
22313,Alexandria City,Virginia,
22314,Alexandria city,Virginia,
22315,Fairfax County,Virginia,
22320,Alexandria City,Virginia,
22321,Alexandria City,Virginia,
22331,Alexandria City,Virginia,
22332,Alexandria City,Virginia,
22333,Alexandria City,Virginia,
22334,Alexandria City,Virginia,
22336,Alexandria City,Virginia,
22350,,Virginia,
22401,Fredericksburg city,Virginia,
22402,Fredericksburg City,Virginia,
22403,Fredericksburg City,Virginia,
22404,Fredericksburg City,Virginia,
22405,Stafford County,Virginia,
22406,Stafford County,Virginia,
22407,Spotsylvania County,Virginia,
22408,Spotsylvania County,Virginia,
22412,Fredericksburg City,Virginia,
22427,Caroline County,Virginia,
22428,Caroline County,Virginia,
22430,Stafford County,Virginia,
22432,Northumberland County,Virginia,
22433,Orange County,Virginia,
22435,Northumberland County,Virginia,
22436,Essex County,Virginia,
22437,Essex County,Virginia,
22438,Essex County,Virginia,
22442,Westmoreland County,Virginia,
22443,Westmoreland County,Virginia,
22446,Caroline County,Virginia,
22448,King George County,Virginia,
22451,King George County,Virginia,
22454,Essex County,Virginia,
22456,Northumberland County,Virginia,
22460,Richmond County,Virginia,
22463,Stafford County,Virginia,
22469,Westmoreland County,Virginia,
22471,Stafford County,Virginia,
22472,Richmond County,Virginia,
22473,Northumberland County,Virginia,
22476,Essex County,Virginia,
22480,Lancaster County,Virginia,
22481,King George County,Virginia,
22482,Lancaster County,Virginia,
22485,King George County,Virginia,
22488,Westmoreland County,Virginia,
22501,Caroline County,Virginia,
22503,Lancaster County,Virginia,
22504,Essex County,Virginia,
22507,Lancaster County,Virginia,
22508,Orange County,Virginia,
22509,Essex County,Virginia,
22511,Northumberland County,Virginia,
22513,Lancaster County,Virginia,
22514,Caroline County,Virginia,
22517,Lancaster County,Virginia,
22520,Westmoreland County,Virginia,
22523,Lancaster County,Virginia,
22524,Westmoreland County,Virginia,
22526,King George County,Virginia,
22528,Lancaster County,Virginia,
22529,Westmoreland County,Virginia,
22530,Northumberland County,Virginia,
22534,Spotsylvania County,Virginia,
22535,Caroline County,Virginia,
22538,Caroline County,Virginia,
22539,Northumberland County,Virginia,
22542,Orange County,Virginia,
22544,King George County,Virginia,
22545,Stafford County,Virginia,
22546,Caroline County,Virginia,
22547,King George County,Virginia,
22548,Richmond County,Virginia,
22551,Spotsylvania County,Virginia,
22552,Caroline County,Virginia,
22553,Spotsylvania County,Virginia,
22554,Stafford County,Virginia,
22555,Stafford County,Virginia,
22556,Stafford County,Virginia,
22558,Westmoreland County,Virginia,
22560,Essex County,Virginia,
22565,Spotsylvania County,Virginia,
22567,Orange County,Virginia,
22570,Richmond County,Virginia,
22572,Richmond County,Virginia,
22576,Lancaster County,Virginia,
22577,Westmoreland County,Virginia,
22578,Lancaster County,Virginia,
22579,Northumberland County,Virginia,
22580,Caroline County,Virginia,
22581,Westmoreland County,Virginia,
22601,Winchester city,Virginia,
22602,Frederick County,Virginia,
22603,Frederick County,Virginia,
22604,Winchester City,Virginia,
22610,Warren County,Virginia,
22611,Clarke County,Virginia,
22620,Clarke County,Virginia,
22622,Frederick County,Virginia,
22623,Rappahannock County,Virginia,
22624,Frederick County,Virginia,
22625,Frederick County,Virginia,
22626,Shenandoah County,Virginia,
22627,Rappahannock County,Virginia,
22630,Warren County,Virginia,
22637,Frederick County,Virginia,
22639,Fauquier County,Virginia,
22640,Rappahannock County,Virginia,
22641,Shenandoah County,Virginia,
22642,Warren County,Virginia,
22643,Fauquier County,Virginia,
22644,Shenandoah County,Virginia,
22645,Frederick County,Virginia,
22646,Clarke County,Virginia,
22649,Frederick County,Virginia,
22650,Page County,Virginia,
22652,Shenandoah County,Virginia,
22654,Frederick County,Virginia,
22655,Frederick County,Virginia,
22656,Frederick County,Virginia,
22657,Shenandoah County,Virginia,
22660,Shenandoah County,Virginia,
22663,Frederick County,Virginia,
22664,Shenandoah County,Virginia,
22701,Culpeper County,Virginia,
22709,Madison County,Virginia,
22711,Madison County,Virginia,
22712,Fauquier County,Virginia,
22713,Culpeper County,Virginia,
22714,Culpeper County,Virginia,
22715,Madison County,Virginia,
22716,Rappahannock County,Virginia,
22718,Culpeper County,Virginia,
22719,Madison County,Virginia,
22720,Fauquier County,Virginia,
22721,Madison County,Virginia,
22722,Madison County,Virginia,
22723,Madison County,Virginia,
22724,Culpeper County,Virginia,
22725,Madison County,Virginia,
22726,Culpeper County,Virginia,
22727,Madison County,Virginia,
22728,Fauquier County,Virginia,
22729,Culpeper County,Virginia,
22730,Madison County,Virginia,
22731,Madison County,Virginia,
22732,Madison County,Virginia,
22733,Culpeper County,Virginia,
22734,Fauquier County,Virginia,
22735,Culpeper County,Virginia,
22736,Culpeper County,Virginia,
22737,Culpeper County,Virginia,
22738,Madison County,Virginia,
22739,Fauquier County,Virginia,
22740,Rappahannock County,Virginia,
22741,Culpeper County,Virginia,
22742,Fauquier County,Virginia,
22743,Madison County,Virginia,
22746,Rappahannock County,Virginia,
22747,Rappahannock County,Virginia,
22748,Madison County,Virginia,
22749,Rappahannock County,Virginia,
22801,Harrisonburg city,Virginia,
22802,Harrisonburg city,Virginia,
22803,Harrisonburg City,Virginia,
22807,Harrisonburg city,Virginia,
22810,Shenandoah County,Virginia,
22811,Rockingham County,Virginia,
22812,Rockingham County,Virginia,
22815,Rockingham County,Virginia,
22820,Rockingham County,Virginia,
22821,Rockingham County,Virginia,
22824,Shenandoah County,Virginia,
22827,Rockingham County,Virginia,
22830,Rockingham County,Virginia,
22831,Rockingham County,Virginia,
22832,Rockingham County,Virginia,
22833,Rockingham County,Virginia,
22834,Rockingham County,Virginia,
22835,Page County,Virginia,
22840,Rockingham County,Virginia,
22841,Rockingham County,Virginia,
22842,Shenandoah County,Virginia,
22843,Augusta County,Virginia,
22844,Shenandoah County,Virginia,
22845,Shenandoah County,Virginia,
22846,Rockingham County,Virginia,
22847,Shenandoah County,Virginia,
22848,Rockingham County,Virginia,
22849,Page County,Virginia,
22850,Rockingham County,Virginia,
22851,Page County,Virginia,
22853,Rockingham County,Virginia,
22901,Albemarle County,Virginia,
22902,Charlottesville city,Virginia,
22903,Charlottesville city,Virginia,
22904,Albemarle County,Virginia,
22905,Charlottesville City,Virginia,
22906,Charlottesville City,Virginia,
22907,Charlottesville City,Virginia,
22908,Charlottesville City,Virginia,
22909,Charlottesville City,Virginia,
22910,Charlottesville City,Virginia,
22911,Albemarle County,Virginia,
22920,Nelson County,Virginia,
22922,Nelson County,Virginia,
22923,Greene County,Virginia,
22924,Albemarle County,Virginia,
22931,Albemarle County,Virginia,
22932,Albemarle County,Virginia,
22935,Greene County,Virginia,
22936,Albemarle County,Virginia,
22937,Albemarle County,Virginia,
22938,Nelson County,Virginia,
22939,Augusta County,Virginia,
22940,Albemarle County,Virginia,
22942,Louisa County,Virginia,
22943,Albemarle County,Virginia,
22945,Albemarle County,Virginia,
22946,Albemarle County,Virginia,
22947,Albemarle County,Virginia,
22948,Madison County,Virginia,
22949,Nelson County,Virginia,
22952,Augusta County,Virginia,
22957,Orange County,Virginia,
22958,Nelson County,Virginia,
22959,Albemarle County,Virginia,
22960,Orange County,Virginia,
22963,Fluvanna County,Virginia,
22964,Nelson County,Virginia,
22965,Greene County,Virginia,
22967,Nelson County,Virginia,
22968,Greene County,Virginia,
22969,Nelson County,Virginia,
22971,Nelson County,Virginia,
22972,Orange County,Virginia,
22973,Greene County,Virginia,
22974,Fluvanna County,Virginia,
22976,Nelson County,Virginia,
22980,Waynesboro city,Virginia,
22987,Albemarle County,Virginia,
22989,Madison County,Virginia,
23001,Gloucester County,Virginia,
23002,Amelia County,Virginia,
23003,Gloucester County,Virginia,
23004,Buckingham County,Virginia,
23005,Hanover County,Virginia,
23009,King William County,Virginia,
23011,New Kent County,Virginia,
23014,Powhatan County,Virginia,
23015,Hanover County,Virginia,
23018,Gloucester County,Virginia,
23021,Mathews County,Virginia,
23022,Fluvanna County,Virginia,
23023,King and Queen County,Virginia,
23024,Louisa County,Virginia,
23025,Mathews County,Virginia,
23027,Cumberland County,Virginia,
23030,Charles City County,Virginia,
23031,Middlesex County,Virginia,
23032,Middlesex County,Virginia,
23035,Mathews County,Virginia,
23038,Goochland County,Virginia,
23039,Goochland County,Virginia,
23040,Cumberland County,Virginia,
23043,Middlesex County,Virginia,
23045,Mathews County,Virginia,
23047,Hanover County,Virginia,
23050,Mathews County,Virginia,
23055,Fluvanna County,Virginia,
23056,Mathews County,Virginia,
23058,Henrico County,Virginia,
23059,Henrico County,Virginia,
23060,Henrico County,Virginia,
23061,Gloucester County,Virginia,
23062,Gloucester County,Virginia,
23063,Goochland County,Virginia,
23064,Mathews County,Virginia,
23065,Goochland County,Virginia,
23066,Mathews County,Virginia,
23067,Goochland County,Virginia,
23068,Mathews County,Virginia,
23069,Hanover County,Virginia,
23070,Middlesex County,Virginia,
23071,Middlesex County,Virginia,
23072,Gloucester County,Virginia,
23075,Henrico County,Virginia,
23076,Mathews County,Virginia,
23079,Middlesex County,Virginia,
23081,James City County,Virginia,
23083,Amelia County,Virginia,
23084,Fluvanna County,Virginia,
23085,King and Queen County,Virginia,
23086,King William County,Virginia,
23089,New Kent County,Virginia,
23090,James City,Virginia,
23091,King and Queen County,Virginia,
23092,Middlesex County,Virginia,
23093,Louisa County,Virginia,
23101,Powhatan County,Virginia,
23102,Goochland County,Virginia,
23103,Goochland County,Virginia,
23105,Amelia County,Virginia,
23106,King William County,Virginia,
23107,Gloucester County,Virginia,
23108,King and Queen County,Virginia,
23109,Mathews County,Virginia,
23110,King and Queen County,Virginia,
23111,Hanover County,Virginia,
23112,Chesterfield County,Virginia,
23113,Chesterfield County,Virginia,
23114,Chesterfield County,Virginia,
23115,Essex County,Virginia,
23116,Hanover County,Virginia,
23117,Louisa County,Virginia,
23119,Mathews County,Virginia,
23120,Chesterfield County,Virginia,
23123,Buckingham County,Virginia,
23124,New Kent County,Virginia,
23125,Mathews County,Virginia,
23126,King and Queen County,Virginia,
23127,James City County,Virginia,
23128,Mathews County,Virginia,
23129,Goochland County,Virginia,
23130,Mathews County,Virginia,
23131,Gloucester County,Virginia,
23138,Mathews County,Virginia,
23139,Powhatan County,Virginia,
23140,New Kent County,Virginia,
23141,New Kent County,Virginia,
23146,Hanover County,Virginia,
23147,Charles City,Virginia,
23148,King and Queen County,Virginia,
23149,Middlesex County,Virginia,
23150,Henrico County,Virginia,
23153,Goochland County,Virginia,
23154,Gloucester County,Virginia,
23155,Gloucester County,Virginia,
23156,King and Queen County,Virginia,
23160,Powhatan County,Virginia,
23161,King and Queen County,Virginia,
23162,Hanover County,Virginia,
23163,Mathews County,Virginia,
23168,James City County,Virginia,
23169,Middlesex County,Virginia,
23170,Louisa County,Virginia,
23173,Richmond city,Virginia,
23175,Middlesex County,Virginia,
23176,Middlesex County,Virginia,
23177,King and Queen County,Virginia,
23178,Gloucester County,Virginia,
23180,Middlesex County,Virginia,
23181,King William County,Virginia,
23183,Gloucester County,Virginia,
23184,Gloucester County,Virginia,
23185,James City County,Virginia,
23186,Williamsburg City,Virginia,
23187,Williamsburg city,Virginia,
23188,James City County,Virginia,
23190,Gloucester County,Virginia,
23192,Hanover County,Virginia,
23218,Richmond City,Virginia,
23219,Richmond city,Virginia,
23220,Richmond city,Virginia,
23221,Richmond city,Virginia,
23222,Richmond city,Virginia,
23223,Henrico County,Virginia,
23224,Richmond city,Virginia,
23225,Richmond city,Virginia,
23226,Richmond city,Virginia,
23227,Henrico County,Virginia,
23228,Henrico County,Virginia,
23229,Henrico County,Virginia,
23230,Henrico County,Virginia,
23231,Henrico County,Virginia,
23232,Richmond City,Virginia,
23233,Henrico County,Virginia,
23234,Chesterfield County,Virginia,
23235,Chesterfield County,Virginia,
23236,Chesterfield County,Virginia,
23237,Chesterfield County,Virginia,
23238,Henrico County,Virginia,
23240,Richmond City,Virginia,
23241,Richmond City,Virginia,
23242,Henrico County,Virginia,
23249,Richmond City,Virginia,
23250,Henrico County,Virginia,
23255,Henrico County,Virginia,
23260,Richmond City,Virginia,
23261,Richmond City,Virginia,
23269,Richmond City,Virginia,
23273,Henrico County,Virginia,
23274,Richmond City,Virginia,
23276,Richmond City,Virginia,
23278,Richmond City,Virginia,
23279,Richmond City,Virginia,
23282,Richmond City,Virginia,
23284,Richmond City,Virginia,
23285,Richmond City,Virginia,
23286,Richmond City,Virginia,
23288,Henrico County,Virginia,
23289,Richmond City,Virginia,
23290,Richmond City,Virginia,
23291,Richmond City,Virginia,
23292,Richmond City,Virginia,
23293,Richmond City,Virginia,
23294,Henrico County,Virginia,
23295,Richmond City,Virginia,
23297,Richmond City,Virginia,
23298,Richmond City,Virginia,
23301,Accomack County,Virginia,
23302,Accomack County,Virginia,
23303,Accomack County,Virginia,
23304,Isle of Wight County,Virginia,
23306,Accomack County,Virginia,
23307,Northampton County,Virginia,
23308,Accomack County,Virginia,
23310,Northampton County,Virginia,
23313,Northampton County,Virginia,
23314,Isle of Wight County,Virginia,
23315,Isle of Wight County,Virginia,
23316,Northampton County,Virginia,
23320,Chesapeake city,Virginia,
23321,Chesapeake city,Virginia,
23322,Chesapeake city,Virginia,
23323,Chesapeake city,Virginia,
23324,Chesapeake city,Virginia,
23325,Chesapeake city,Virginia,
23326,Chesapeake City,Virginia,
23327,Chesapeake City,Virginia,
23328,Chesapeake City,Virginia,
23336,Accomack County,Virginia,
23337,Accomack County,Virginia,
23341,Accomack County,Virginia,
23345,Accomack County,Virginia,
23347,Northampton County,Virginia,
23350,Northampton County,Virginia,
23354,Northampton County,Virginia,
23356,Accomack County,Virginia,
23357,Accomack County,Virginia,
23358,Accomack County,Virginia,
23359,Accomack County,Virginia,
23389,Accomack County,Virginia,
23395,Accomack County,Virginia,
23396,Accomack County,Virginia,
23397,Isle of Wight County,Virginia,
23398,Northampton County,Virginia,
23399,Accomack County,Virginia,
23401,Accomack County,Virginia,
23404,Accomack County,Virginia,
23405,Northampton County,Virginia,
23407,Accomack County,Virginia,
23408,Northampton County,Virginia,
23409,Accomack County,Virginia,
23410,Accomack County,Virginia,
23412,Accomack County,Virginia,
23413,Northampton County,Virginia,
23414,Accomack County,Virginia,
23415,Accomack County,Virginia,
23416,Accomack County,Virginia,
23417,Accomack County,Virginia,
23418,Accomack County,Virginia,
23419,Northampton County,Virginia,
23420,Accomack County,Virginia,
23421,Accomack County,Virginia,
23422,Accomack County,Virginia,
23423,Accomack County,Virginia,
23424,Isle of Wight County,Virginia,
23426,Accomack County,Virginia,
23427,Accomack County,Virginia,
23429,Northampton County,Virginia,
23430,Isle of Wight County,Virginia,
23431,Isle of Wight County,Virginia,
23432,Suffolk city,Virginia,
23433,Suffolk city,Virginia,
23434,Suffolk city,Virginia,
23435,Suffolk city,Virginia,
23436,Suffolk city,Virginia,
23437,Suffolk city,Virginia,
23438,Suffolk city,Virginia,
23439,Suffolk City,Virginia,
23440,Accomack County,Virginia,
23441,Accomack County,Virginia,
23442,Accomack County,Virginia,
23443,Northampton County,Virginia,
23450,Virginia Beach City,Virginia,
23451,Virginia Beach city,Virginia,
23452,Virginia Beach city,Virginia,
23453,Virginia Beach city,Virginia,
23454,Virginia Beach city,Virginia,
23455,Virginia Beach city,Virginia,
23456,Virginia Beach city,Virginia,
23457,Virginia Beach city,Virginia,
23458,Virginia Beach City,Virginia,
23459,Virginia Beach city,Virginia,
23460,Virginia Beach city,Virginia,
23461,Virginia Beach city,Virginia,
23462,Virginia Beach city,Virginia,
23463,Virginia Beach City,Virginia,
23464,Virginia Beach city,Virginia,
23465,Virginia Beach City,Virginia,
23466,Virginia Beach City,Virginia,
23467,Virginia Beach City,Virginia,
23471,Virginia Beach City,Virginia,
23479,Virginia Beach City,Virginia,
23480,Accomack County,Virginia,
23482,Northampton County,Virginia,
23483,Accomack County,Virginia,
23486,Northampton County,Virginia,
23487,Isle of Wight County,Virginia,
23488,Accomack County,Virginia,
23501,Norfolk City,Virginia,
23502,Norfolk city,Virginia,
23503,Norfolk city,Virginia,
23504,Norfolk city,Virginia,
23505,Norfolk city,Virginia,
23506,Norfolk City,Virginia,
23507,Norfolk city,Virginia,
23508,Norfolk city,Virginia,
23509,Norfolk city,Virginia,
23510,Norfolk city,Virginia,
23511,Norfolk city,Virginia,
23512,Norfolk City,Virginia,
23513,Norfolk city,Virginia,
23514,Norfolk City,Virginia,
23515,Norfolk City,Virginia,
23517,Norfolk city,Virginia,
23518,Norfolk city,Virginia,
23519,Norfolk City,Virginia,
23520,Norfolk City,Virginia,
23521,Virginia Beach City,Virginia,
23523,Norfolk city,Virginia,
23529,Norfolk City,Virginia,
23541,Norfolk City,Virginia,
23551,Norfolk city,Virginia,
23601,Newport News city,Virginia,
23602,Newport News city,Virginia,
23603,Newport News city,Virginia,
23604,Newport News city,Virginia,
23605,Newport News city,Virginia,
23606,Newport News city,Virginia,
23607,Newport News city,Virginia,
23608,Newport News city,Virginia,
23609,Newport News City,Virginia,
23612,Newport News City,Virginia,
23628,Newport News City,Virginia,
23630,Hampton City,Virginia,
23651,Hampton city,Virginia,
23661,Hampton city,Virginia,
23662,Poquoson city,Virginia,
23663,Hampton city,Virginia,
23664,Hampton city,Virginia,
23665,York County,Virginia,
23666,Hampton city,Virginia,
23667,Hampton City,Virginia,
23668,Hampton City,Virginia,
23669,Hampton city,Virginia,
23670,Hampton City,Virginia,
23681,Hampton City,Virginia,
23690,York County,Virginia,
23691,York County,Virginia,
23692,York County,Virginia,
23693,York County,Virginia,
23694,York County,Virginia,
23696,York County,Virginia,
23701,Portsmouth city,Virginia,
23702,Portsmouth city,Virginia,
23703,Portsmouth city,Virginia,
23704,Portsmouth city,Virginia,
23705,Portsmouth City,Virginia,
23707,Portsmouth city,Virginia,
23708,Portsmouth city,Virginia,
23709,Portsmouth city,Virginia,
23801,Prince George County,Virginia,
23803,Petersburg city,Virginia,
23804,Petersburg City,Virginia,
23805,Petersburg city,Virginia,
23806,Chesterfield County,Virginia,
23821,Brunswick County,Virginia,
23822,Amelia County,Virginia,
23824,Nottoway County,Virginia,
23825,Nottoway County,Virginia,
23827,Southampton County,Virginia,
23828,Southampton County,Virginia,
23829,Southampton County,Virginia,
23830,Prince George County,Virginia,
23831,Chesterfield County,Virginia,
23832,Chesterfield County,Virginia,
23833,Dinwiddie County,Virginia,
23834,Colonial Heights city,Virginia,
23836,Chesterfield County,Virginia,
23837,Southampton County,Virginia,
23838,Chesterfield County,Virginia,
23839,Surry County,Virginia,
23840,Dinwiddie County,Virginia,
23841,Dinwiddie County,Virginia,
23842,Prince George County,Virginia,
23843,Brunswick County,Virginia,
23844,Southampton County,Virginia,
23845,Brunswick County,Virginia,
23846,Surry County,Virginia,
23847,Greensville County,Virginia,
23850,Dinwiddie County,Virginia,
23851,Franklin city,Virginia,
23856,Brunswick County,Virginia,
23857,Brunswick County,Virginia,
23860,Hopewell city,Virginia,
23866,Southampton County,Virginia,
23867,Greensville County,Virginia,
23868,Brunswick County,Virginia,
23870,Sussex County,Virginia,
23872,Dinwiddie County,Virginia,
23873,Brunswick County,Virginia,
23874,Southampton County,Virginia,
23875,Prince George County,Virginia,
23876,Brunswick County,Virginia,
23878,Southampton County,Virginia,
23879,Greensville County,Virginia,
23881,Surry County,Virginia,
23882,Sussex County,Virginia,
23883,Surry County,Virginia,
23884,Sussex County,Virginia,
23885,Dinwiddie County,Virginia,
23887,Brunswick County,Virginia,
23888,Sussex County,Virginia,
23889,Brunswick County,Virginia,
23890,Sussex County,Virginia,
23891,Sussex County,Virginia,
23893,Brunswick County,Virginia,
23894,Dinwiddie County,Virginia,
23897,Sussex County,Virginia,
23898,Isle of Wight County,Virginia,
23899,Surry County,Virginia,
23901,Prince Edward County,Virginia,
23909,Prince Edward County,Virginia,
23915,Mecklenburg County,Virginia,
23917,Mecklenburg County,Virginia,
23919,Mecklenburg County,Virginia,
23920,Brunswick County,Virginia,
23921,Buckingham County,Virginia,
23922,Nottoway County,Virginia,
23923,Charlotte County,Virginia,
23924,Mecklenburg County,Virginia,
23927,Mecklenburg County,Virginia,
23930,Nottoway County,Virginia,
23934,Charlotte County,Virginia,
23936,Buckingham County,Virginia,
23937,Charlotte County,Virginia,
23938,Brunswick County,Virginia,
23939,Appomattox County,Virginia,
23941,Lunenburg County,Virginia,
23942,Prince Edward County,Virginia,
23943,Prince Edward County,Virginia,
23944,Lunenburg County,Virginia,
23947,Charlotte County,Virginia,
23950,Mecklenburg County,Virginia,
23952,Lunenburg County,Virginia,
23954,Prince Edward County,Virginia,
23955,Nottoway County,Virginia,
23958,Appomattox County,Virginia,
23959,Charlotte County,Virginia,
23960,Prince Edward County,Virginia,
23962,Charlotte County,Virginia,
23963,Charlotte County,Virginia,
23964,Charlotte County,Virginia,
23966,Prince Edward County,Virginia,
23967,Charlotte County,Virginia,
23968,Mecklenburg County,Virginia,
23970,Mecklenburg County,Virginia,
23974,Lunenburg County,Virginia,
23976,Charlotte County,Virginia,
24001,Roanoke City,Virginia,
24002,Roanoke City,Virginia,
24003,Roanoke City,Virginia,
24004,Roanoke City,Virginia,
24005,Roanoke City,Virginia,
24006,Roanoke City,Virginia,
24007,Roanoke City,Virginia,
24008,Roanoke City,Virginia,
24009,Roanoke City,Virginia,
24010,Roanoke City,Virginia,
24011,Roanoke city,Virginia,
24012,Roanoke city,Virginia,
24013,Roanoke city,Virginia,
24014,Roanoke city,Virginia,
24015,Roanoke city,Virginia,
24016,Roanoke city,Virginia,
24017,Roanoke city,Virginia,
24018,Roanoke County,Virginia,
24019,Roanoke County,Virginia,
24020,Roanoke County,Virginia,
24022,Roanoke City,Virginia,
24023,Roanoke City,Virginia,
24024,Roanoke City,Virginia,
24025,Roanoke City,Virginia,
24026,Roanoke City,Virginia,
24027,Roanoke City,Virginia,
24028,Roanoke City,Virginia,
24029,Roanoke City,Virginia,
24030,Roanoke City,Virginia,
24031,Roanoke City,Virginia,
24032,Roanoke City,Virginia,
24033,Roanoke City,Virginia,
24034,Roanoke City,Virginia,
24035,Roanoke City,Virginia,
24036,Roanoke City,Virginia,
24037,Roanoke City,Virginia,
24038,Roanoke City,Virginia,
24040,Roanoke City,Virginia,
24042,Roanoke City,Virginia,
24043,Roanoke City,Virginia,
24044,Roanoke City,Virginia,
24045,Roanoke City,Virginia,
24048,Roanoke City,Virginia,
24050,Roanoke City,Virginia,
24053,Patrick County,Virginia,
24054,Henry County,Virginia,
24055,Henry County,Virginia,
24058,Pulaski County,Virginia,
24059,Roanoke County,Virginia,
24060,Montgomery County,Virginia,
24061,Montgomery County,Virginia,
24062,Montgomery County,Virginia,
24063,Montgomery County,Virginia,
24064,Botetourt County,Virginia,
24065,Franklin County,Virginia,
24066,Botetourt County,Virginia,
24067,Franklin County,Virginia,
24068,Montgomery County,Virginia,
24069,Pittsylvania County,Virginia,
24070,Roanoke County,Virginia,
24072,Floyd County,Virginia,
24073,Montgomery County,Virginia,
24076,Patrick County,Virginia,
24077,Botetourt County,Virginia,
24078,Henry County,Virginia,
24079,Floyd County,Virginia,
24082,Patrick County,Virginia,
24083,Botetourt County,Virginia,
24084,Pulaski County,Virginia,
24085,Botetourt County,Virginia,
24086,Giles County,Virginia,
24087,Montgomery County,Virginia,
24088,Franklin County,Virginia,
24089,Henry County,Virginia,
24090,Botetourt County,Virginia,
24091,Floyd County,Virginia,
24092,Franklin County,Virginia,
24093,Giles County,Virginia,
24095,Bedford County,Virginia,
24101,Franklin County,Virginia,
24102,Franklin County,Virginia,
24104,Bedford County,Virginia,
24105,Floyd County,Virginia,
24111,Pulaski County,Virginia,
24112,Henry County,Virginia,
24113,Martinsville City,Virginia,
24114,Martinsville City,Virginia,
24115,Martinsville City,Virginia,
24120,Patrick County,Virginia,
24121,Bedford County,Virginia,
24122,Bedford County,Virginia,
24124,Giles County,Virginia,
24126,Pulaski County,Virginia,
24127,Craig County,Virginia,
24128,Giles County,Virginia,
24129,Pulaski County,Virginia,
24130,Botetourt County,Virginia,
24131,Craig County,Virginia,
24132,Pulaski County,Virginia,
24133,Patrick County,Virginia,
24134,Giles County,Virginia,
24136,Giles County,Virginia,
24137,Franklin County,Virginia,
24138,Montgomery County,Virginia,
24139,Pittsylvania County,Virginia,
24141,Radford city,Virginia,
24142,Radford city,Virginia,
24143,Radford City,Virginia,
24146,Franklin County,Virginia,
24147,Giles County,Virginia,
24148,Henry County,Virginia,
24149,Montgomery County,Virginia,
24150,Giles County,Virginia,
24151,Franklin County,Virginia,
24153,Salem city,Virginia,
24155,Roanoke City,Virginia,
24157,Roanoke City,Virginia,
24161,Pittsylvania County,Virginia,
24162,Montgomery County,Virginia,
24165,Henry County,Virginia,
24167,Giles County,Virginia,
24168,Henry County,Virginia,
24171,Patrick County,Virginia,
24174,Bedford County,Virginia,
24175,Botetourt County,Virginia,
24176,Franklin County,Virginia,
24177,Patrick County,Virginia,
24178,Bedford County,Virginia,
24179,Roanoke County,Virginia,
24184,Franklin County,Virginia,
24185,Patrick County,Virginia,
24201,Bristol city,Virginia,
24202,Washington County,Virginia,
24203,Bristol City,Virginia,
24205,Bristol City,Virginia,
24209,Bristol City,Virginia,
24210,Washington County,Virginia,
24211,Washington County,Virginia,
24212,Washington County,Virginia,
24215,Wise County,Virginia,
24216,Wise County,Virginia,
24217,Dickenson County,Virginia,
24218,Lee County,Virginia,
24219,Wise County,Virginia,
24220,Dickenson County,Virginia,
24221,Lee County,Virginia,
24224,Russell County,Virginia,
24225,Russell County,Virginia,
24226,Dickenson County,Virginia,
24228,Dickenson County,Virginia,
24230,Wise County,Virginia,
24236,Washington County,Virginia,
24237,Dickenson County,Virginia,
24239,Buchanan County,Virginia,
24243,Lee County,Virginia,
24244,Scott County,Virginia,
24245,Scott County,Virginia,
24246,Wise County,Virginia,
24248,Lee County,Virginia,
24250,Scott County,Virginia,
24251,Scott County,Virginia,
24256,Dickenson County,Virginia,
24258,Scott County,Virginia,
24260,Russell County,Virginia,
24263,Lee County,Virginia,
24265,Lee County,Virginia,
24266,Russell County,Virginia,
24269,Dickenson County,Virginia,
24270,Washington County,Virginia,
24271,Scott County,Virginia,
24272,Dickenson County,Virginia,
24273,Norton city,Virginia,
24277,Lee County,Virginia,
24279,Wise County,Virginia,
24280,Russell County,Virginia,
24281,Lee County,Virginia,
24282,Lee County,Virginia,
24283,Wise County,Virginia,
24290,Scott County,Virginia,
24292,Grayson County,Virginia,
24293,Wise County,Virginia,
24301,Pulaski County,Virginia,
24311,Smyth County,Virginia,
24312,Carroll County,Virginia,
24313,Wythe County,Virginia,
24314,Bland County,Virginia,
24315,Bland County,Virginia,
24316,Tazewell County,Virginia,
24317,Carroll County,Virginia,
24318,Bland County,Virginia,
24319,Smyth County,Virginia,
24322,Wythe County,Virginia,
24323,Wythe County,Virginia,
24324,Pulaski County,Virginia,
24325,Carroll County,Virginia,
24326,Grayson County,Virginia,
24327,Washington County,Virginia,
24328,Carroll County,Virginia,
24330,Grayson County,Virginia,
24333,Galax city,Virginia,
24340,Washington County,Virginia,
24343,Carroll County,Virginia,
24347,Pulaski County,Virginia,
24348,Grayson County,Virginia,
24350,Wythe County,Virginia,
24351,Carroll County,Virginia,
24352,Carroll County,Virginia,
24354,Smyth County,Virginia,
24360,Wythe County,Virginia,
24361,Washington County,Virginia,
24363,Grayson County,Virginia,
24366,Bland County,Virginia,
24368,Wythe County,Virginia,
24370,Smyth County,Virginia,
24374,Wythe County,Virginia,
24375,Smyth County,Virginia,
24377,Tazewell County,Virginia,
24378,Grayson County,Virginia,
24380,Floyd County,Virginia,
24381,Carroll County,Virginia,
24382,Wythe County,Virginia,
24401,Staunton city,Virginia,
24402,Staunton City,Virginia,
24411,Augusta County,Virginia,
24412,Bath County,Virginia,
24413,Highland County,Virginia,
24415,Rockbridge County,Virginia,
24416,Buena Vista city,Virginia,
24421,Augusta County,Virginia,
24422,Alleghany County,Virginia,
24426,Alleghany County,Virginia,
24430,Augusta County,Virginia,
24431,Augusta County,Virginia,
24432,Augusta County,Virginia,
24433,Highland County,Virginia,
24435,Rockbridge County,Virginia,
24437,Augusta County,Virginia,
24438,Botetourt County,Virginia,
24439,Rockbridge County,Virginia,
24440,Augusta County,Virginia,
24441,Rockingham County,Virginia,
24442,Highland County,Virginia,
24445,Bath County,Virginia,
24448,Alleghany County,Virginia,
24450,Rockbridge County,Virginia,
24457,Alleghany County,Virginia,
24458,Highland County,Virginia,
24459,Augusta County,Virginia,
24460,Bath County,Virginia,
24463,Augusta County,Virginia,
24464,Nelson County,Virginia,
24465,Highland County,Virginia,
24467,Augusta County,Virginia,
24468,Highland County,Virginia,
24469,Augusta County,Virginia,
24471,Rockingham County,Virginia,
24472,Rockbridge County,Virginia,
24473,Rockbridge County,Virginia,
24474,Alleghany County,Virginia,
24476,Augusta County,Virginia,
24477,Augusta County,Virginia,
24479,Augusta County,Virginia,
24482,Augusta County,Virginia,
24483,Rockbridge County,Virginia,
24484,Bath County,Virginia,
24485,Augusta County,Virginia,
24486,Augusta County,Virginia,
24487,Bath County,Virginia,
24501,Lynchburg city,Virginia,
24502,Lynchburg city,Virginia,
24503,Lynchburg city,Virginia,
24504,Lynchburg city,Virginia,
24505,Lynchburg City,Virginia,
24506,Lynchburg City,Virginia,
24512,Lynchburg City,Virginia,
24513,Lynchburg City,Virginia,
24514,Lynchburg City,Virginia,
24515,Lynchburg City,Virginia,
24517,Campbell County,Virginia,
24520,Halifax County,Virginia,
24521,Amherst County,Virginia,
24522,Appomattox County,Virginia,
24523,Bedford County,Virginia,
24526,Bedford County,Virginia,
24527,Pittsylvania County,Virginia,
24528,Campbell County,Virginia,
24529,Mecklenburg County,Virginia,
24530,Pittsylvania County,Virginia,
24531,Pittsylvania County,Virginia,
24533,Amherst County,Virginia,
24534,Halifax County,Virginia,
24535,Halifax County,Virginia,
24536,Bedford County,Virginia,
24538,Campbell County,Virginia,
24539,Halifax County,Virginia,
24540,Danville city,Virginia,
24541,Danville city,Virginia,
24543,Danville City,Virginia,
24544,Danville City,Virginia,
24549,Pittsylvania County,Virginia,
24550,Campbell County,Virginia,
24551,Bedford County,Virginia,
24553,Nelson County,Virginia,
24554,Campbell County,Virginia,
24555,Rockbridge County,Virginia,
24556,Bedford County,Virginia,
24557,Pittsylvania County,Virginia,
24558,Halifax County,Virginia,
24562,Buckingham County,Virginia,
24563,Pittsylvania County,Virginia,
24565,Pittsylvania County,Virginia,
24566,Pittsylvania County,Virginia,
24569,Pittsylvania County,Virginia,
24570,Bedford County,Virginia,
24571,Campbell County,Virginia,
24572,Amherst County,Virginia,
24574,Amherst County,Virginia,
24576,Campbell County,Virginia,
24577,Halifax County,Virginia,
24578,Rockbridge County,Virginia,
24579,Rockbridge County,Virginia,
24580,Mecklenburg County,Virginia,
24581,Nelson County,Virginia,
24586,Pittsylvania County,Virginia,
24588,Campbell County,Virginia,
24589,Halifax County,Virginia,
24590,Albemarle County,Virginia,
24592,Halifax County,Virginia,
24593,Appomattox County,Virginia,
24594,Pittsylvania County,Virginia,
24595,Amherst County,Virginia,
24597,Halifax County,Virginia,
24598,Halifax County,Virginia,
24599,Buckingham County,Virginia,
24601,Tazewell County,Virginia,
24602,Tazewell County,Virginia,
24603,Buchanan County,Virginia,
24604,Tazewell County,Virginia,
24605,Tazewell County,Virginia,
24606,Tazewell County,Virginia,
24607,Buchanan County,Virginia,
24608,Tazewell County,Virginia,
24609,Tazewell County,Virginia,
24612,Tazewell County,Virginia,
24613,Tazewell County,Virginia,
24614,Buchanan County,Virginia,
24619,McDowell County,Virginia,
24620,Buchanan County,Virginia,
24622,Buchanan County,Virginia,
24624,Buchanan County,Virginia,
24627,Buchanan County,Virginia,
24628,Buchanan County,Virginia,
24630,Tazewell County,Virginia,
24631,Buchanan County,Virginia,
24634,Buchanan County,Virginia,
24635,Tazewell County,Virginia,
24637,Tazewell County,Virginia,
24639,Tazewell County,Virginia,
24640,Tazewell County,Virginia,
24641,Tazewell County,Virginia,
24646,Buchanan County,Virginia,
24647,Buchanan County,Virginia,
24649,Russell County,Virginia,
24651,Tazewell County,Virginia,
24656,Buchanan County,Virginia,
24657,Buchanan County,Virginia,
24658,Buchanan County,Virginia,
